,序号,基金代码,基金简称,日期,单位净值,累计净值,日增长率,近1周,近1月,近3月,近6月,近1年,近2年,近3年,今年来,成立来,自定义,手续费
0,1,162411,华宝标普油气上游股票人民币A,2021-11-12,0.5163,0.5163,-0.42,-1.94,1.81,26.86,26.70,119.98,31.37,-14.80,78.10,-48.37,99.0362,0.15%
1,2,007844,华宝标普油气上游股票人民币C,2021-11-12,0.5124,0.5124,-0.43,-1.93,1.79,26.61,26.36,118.97,,,77.42,29.52,98.1437,0.00%
2,3,161128,易标普信息科技人民币A,2021-11-12,2.9348,2.9348,1,0.26,9.90,6.78,25.20,31.95,68.60,116.35,23.98,193.48,30.0598,0.12%
3,4,270042,广发纳斯达克100指数A,2021-11-12,4.5764,4.8464,0.95,-0.85,9.76,6.18,24.48,32.60,75.13,113.16,23.94,455.50,30.9376,0.13%
4,5,004877,汇添富全球医疗混合人民币,2021-11-12,2.4963,2.4963,-0.81,2.85,5.83,-7.44,24.45,44.06,100.47,135.34,33.03,149.63,40.9463,0.16%
5,6,006479,广发纳斯达克100指数C,2021-11-12,4.5432,4.5432,0.95,-0.85,9.74,6.11,24.36,32.36,74.50,111.70,23.75,106.35,30.7020,0.00%
6,7,040046,华安纳斯达克100指数,2021-11-12,4.6620,4.6620,0.93,-0.85,9.85,6.15,23.96,32.14,80.91,118.98,23.07,366.20,30.4786,0.12%
7,8,160213,国泰纳斯达克100指数,2021-11-12,6.2550,6.7550,0.94,-0.86,9.76,6.05,23.84,32.07,77.16,115.90,22.79,652.55,30.3668,0.15%
8,9,161130,易方达纳斯达克100人民币A,2021-11-12,2.4212,2.4212,0.90,-0.85,9.43,5.84,22.81,30.40,71.21,106.18,21.99,142.10,28.8284,0.12%
9,10,162719,广发道琼斯石油指数人民币A,2021-11-12,1.3383,1.3383,-0.25,-1.86,0.25,23.01,22.29,111.36,46.74,27.32,75.17,33.83,90.6410,0.12%
10,11,004243,广发道琼斯石油指数人民币C,2021-11-12,1.3366,1.3366,-0.25,-1.86,0.19,22.67,21.79,109.70,45.03,26.19,73.90,33.66,89.1594,0.00%
11,12,162415,华宝标普美国消费人民币A,2021-11-12,2.4090,2.4090,0.17,-3.21,9.85,10.15,20.63,29.31,48.98,67.87,22.22,140.90,26.2579,0.12%
12,13,009975,华宝标普美国消费人民币C,2021-11-12,2.3970,2.3970,0.17,-3.19,9.85,10.06,20.39,28.80,,,21.86,33.69,25.7607,0.00%
13,14,160216,国泰大宗商品,2021-11-12,0.3440,0.3440,-0.58,-0.86,-1.15,13.53,20.28,80.10,-26.81,-31.34,61.50,-65.60,80.1047,0.15%
14,15,000834,大成纳斯达克100,2021-11-11,3.53,3.53,0.60,-1.59,8.32,5.40,19.50,30.35,72.95,101.60,21.64,253,,0.12%
15,16,005698,华夏全球科技先锋混合,2021-11-12,1.5355,1.5355,0.90,0.20,13.39,1.06,18.89,12.02,34.83,63.82,3.55,53.55,11.2520,0.15%
16,17,000043,嘉实美国成长股票人民币,2021-11-11,3.3640,3.3640,0.78,-0.85,8.97,6.42,18.24,28.50,62.28,78.37,21.80,236.40,,0.15%
17,18,000988,嘉实全球互联网股票人民币,2021-11-11,2.4320,2.4320,0.87,-2.25,12.70,11.61,17.43,7.61,58.64,83.13,8.72,143.20,,0.15%
18,19,000179,广发美国房地产指数,2021-11-12,1.3250,1.7620,-0.15,0.15,5.16,4.17,17.35,31.81,10.46,24.06,28.87,92.62,26.8942,0.13%
19,20,164824,工银印度基金人民币,2021-11-11,1.2713,1.2713,0.27,1.30,1.09,7.63,16.55,33.32,29.78,38.88,21.68,27.08,,0.12%
20,21,160140,南方道琼斯美国精选A,2021-11-11,1.2668,1.2868,0.62,1.39,7.09,5.23,16.08,33.24,8.98,21.83,31.52,28.82,,0.12%
21,22,160141,南方道琼斯美国精选C,2021-11-11,1.2474,1.2674,0.62,1.39,7.05,5.19,15.91,32.80,8.25,20.52,31.17,26.87,,0.00%
22,23,165513,信诚全球商品主题,2021-11-12,0.45,0.45,-0.44,-0.66,-0.88,11.94,15.68,69.81,10.84,4.41,52.03,-55,69.1729,0.16%
23,24,008763,天弘越南市场股票(QDII)A,2021-11-12,1.6360,1.6360,1,0.41,2.71,3.79,15.32,58.51,,,40.42,63.60,60.7704,0.10%
24,25,008764,天弘越南市场股票(QDII)C,2021-11-12,1.6287,1.6287,1,0.40,2.69,3.72,15.18,58.13,,,40.13,62.87,60.3840,0.00%
25,26,320017,诺安全球收益不动产,2021-11-12,1.7360,1.7360,-0.17,0.12,5.98,2,14.89,27.37,9.80,12.80,25.89,73.60,22.7723,0.15%
26,27,006373,国富全球科技互联混合人民币,2021-11-12,2.5566,2.5566,1.13,1.51,9.52,4.69,14.75,27.89,100.34,,18.25,155.66,24.9988,0.15%
27,28,161125,易方达标普500指数人民币A,2021-11-12,1.8610,1.8610,0.60,-0.17,6.75,3.79,14.33,26.97,35.30,54.53,21.63,86.10,24.2987,0.12%
28,29,050025,博时标普500ETF联接A,2021-11-12,3.3647,3.4237,0.58,-0.16,6.67,3.71,14.18,26.71,37.69,57.27,21.29,253.25,24.0488,0.12%
29,30,206011,鹏华美国房地产(QDII),2021-11-11,0.95,1.3260,0.42,0.85,5.79,2.26,14.05,20.10,-13.84,-1.05,20.10,32.87,,0.10%
30,31,006075,博时标普500ETF联接C,2021-11-12,3.3151,3.3151,0.58,-0.16,6.63,3.61,13.95,26.20,36.47,55.21,20.87,64.33,23.5549,0.00%
31,32,006105,泰达宏利印度(QDII),2021-11-12,1.2829,1.2829,0.57,0.08,0.59,4.50,13.92,25.73,20.78,,16.19,28.29,24.8443,0.15%
32,33,070031,嘉实全球房地产(QDII),2021-11-11,1.3180,1.6580,0.30,0.08,6.49,3.86,13.71,27.94,9.59,30.17,25.26,76.81,,0.15%
33,34,006445,华夏全球聚享A人民币,2021-11-12,1.3605,1.3605,0.33,1.05,1.93,5.59,13.55,37.23,29.12,,28.92,36.05,34.1187,0.10%
34,35,007280,上投摩根日本精选股票(QDII),2021-11-11,1.4829,1.4829,0.05,-0.40,2.50,7.82,13.41,24.50,44.10,,15.03,48.29,,0.15%
35,36,007721,天弘标普500(QDII-FOF)A,2021-11-12,1.3852,1.3852,0.50,-0.23,6.41,3.65,13.36,25.38,35.06,,20.66,38.52,23.0414,0.10%
36,37,163208,诺安油气能源,2021-11-12,0.7240,0.7240,-0.41,-1.36,1.26,15.10,13.30,70.75,-6.58,-19.47,49.59,-27.60,58.0786,0.15%
37,38,006448,华夏全球聚享C人民币,2021-11-12,1.3446,1.3446,0.34,1.04,1.89,5.48,13.27,36.60,27.95,,28.40,34.46,33.4988,0.00%
38,39,160416,华安标普全球石油指数,2021-11-12,1.1130,1.1530,-1.24,-1.77,-1.77,12.31,13.22,52.47,9.66,6.41,37.75,15.67,44.7335,0.12%
39,40,007722,天弘标普500(QDII-FOF)C,2021-11-12,1.3773,1.3773,0.50,-0.24,6.39,3.58,13.21,25.05,34.34,,20.38,37.73,22.7321,0.00%
40,41,000041,华夏全球股票(QDII),2021-11-12,1.2760,1.2760,1.11,0.79,13.12,5.02,13.12,-0.23,24.85,33.19,-8.99,27.60,-1.4672,0.16%
41,42,005613,上投富时发达市场REITs,2021-11-11,1.3346,1.3346,0.35,0.83,6.36,3.28,12.63,26.95,4.18,16.66,25.22,33.46,,0.10%
42,43,539001,建信纳斯达克100指数(QDII)人民币A,2021-11-12,1.8240,1.8240,0.86,-0.94,8.46,4.35,12.25,17.45,23.91,30.47,17,82.40,16.6240,0.12%
43,44,161815,银华抗通胀主题,2021-11-12,0.5970,0.5970,-0.17,0.34,-0.33,8.94,11.38,47.04,23.35,23.09,35.68,-40.30,46.3235,0.16%
44,45,006555,浦银安盛全球智能科技(QDII)A,2021-11-11,1.7097,1.7097,0.77,-0.74,8,3.56,11.21,15.49,54.21,,8.75,70.97,,0.15%
45,46,118002,易方达标普消费品指数A,2021-11-12,3.0360,3.0360,1.30,-1.04,11.33,4.08,10.84,26.82,52.87,75.39,17.45,203.60,24.3753,0.12%
46,47,005676,易方达标普消费品指数C,2021-11-12,3.0080,3.0080,1.31,-1.05,11.28,4.05,10.71,26.55,52.15,73.87,17.23,71.20,24.1436,0.00%
47,48,270023,广发全球精选股票(QDII),2021-11-12,3.5110,3.95,1.39,5.12,14.10,8.50,10.34,20.45,135.95,143.31,5.50,366.18,17.6214,0.16%
48,49,486002,工银全球精选股票(QDII),2021-11-11,3.2790,3.2790,0.24,-0.18,5.81,1.20,10.03,17.65,33.29,51.45,13.46,227.90,,0.16%
49,50,519981,长信标普100等权重指数人民币,2021-11-12,1.7130,2.23,0.23,0.06,4.71,1.54,9.18,27.55,33.31,44.76,19.37,175.96,23.0603,0.14%
50,51,161126,易方达标普医疗保健人民币A,2021-11-12,1.7511,1.7511,0.39,0.59,4.24,-1.18,9.18,15.85,29.30,39.86,13.70,75.11,14.3986,0.12%
51,52,002379,工银香港中小盘人民币,2021-11-11,2.0960,2.0960,1.40,0.77,3.61,-6.26,8.77,20.95,66.48,77.63,0.91,109.60,,0.15%
52,53,005699,工银新经济人民币,2021-11-11,1.4066,1.4066,2.06,2.28,3.56,-1.42,8.76,14.32,42.37,65.19,3.67,40.66,,0.15%
53,54,000369,广发全球医疗保健(QDII),2021-11-12,1.9510,2.0610,0,0.26,5.23,0.36,8.63,12.58,21.86,31.03,11.61,114.66,11.9977,0.13%
54,55,001668,汇添富全球互联混合,2021-11-12,2.9510,2.9510,1.06,1.41,7.08,3.22,8.29,10.65,73.49,118.75,2.15,196.29,8.6124,0.16%
55,56,163813,中银全球策略,2021-11-12,0.7340,0.7340,,0.27,6.07,2.80,7.62,13.80,23.15,20.72,7.62,-26.60,11.8902,0.15%
56,57,096001,大成标普500等权重指数,2021-11-11,2.3210,2.65,0.56,0.74,4.69,2.29,7.11,28.66,26.81,39.41,22.02,182.78,,0.15%
57,58,519696,交银环球精选混合(QDII),2021-11-12,2.6710,3.3140,0.53,0.38,4.91,-2.23,6.71,19.17,39.12,57.15,8.22,290.12,16.6180,0.15%
58,59,009108,富国红利精选混合(QDII)人民币,2021-11-12,1.7977,1.7977,0.73,3.17,4.85,-4.03,6.03,29.97,,,14.67,79.77,27.4784,0.15%
59,60,002891,华夏移动互联混合人民币,2021-11-12,2.6410,2.6410,0.34,0.84,8.50,-2.29,4.80,18.06,101.91,164.36,0.04,164.10,13.4938,0.15%
60,61,003629,上投摩根全球多元配置人民币,2021-11-11,1.4774,1.4774,0.14,0.27,2.55,0.69,4.78,12.78,17.63,27.25,8.63,47.74,,0.15%
61,62,002877,华夏大中华信用债A,2021-11-12,1.0080,1.1240,2.02,2.23,1.08,1.18,4.52,8.20,1.39,10.41,5.15,12.51,7.6428,0.08%
62,63,005534,华夏新时代混合人民币(QDII),2021-11-12,2.2088,2.2088,1.09,2.82,8.67,-2.21,4.36,18.24,112.57,137.71,2,120.88,16.2526,0.15%
63,64,100055,富国全球科技互联网(QDII),2021-11-12,2.5757,2.5757,0.82,3.96,10.99,0.90,4.21,4.33,64.95,88.49,-2.03,157.57,1.7420,0.15%
64,65,002880,华夏大中华信用债C,2021-11-12,0.9880,1.0960,1.96,2.17,0.95,0.95,4.20,7.67,0.40,8.85,4.62,9.61,7.1118,0.00%
65,66,006282,上投欧洲动力(QDII),2021-11-11,1.2891,1.2891,-0.22,-0.28,4.15,-1.56,3.53,22.04,17.34,28.91,13.15,28.91,,0.15%
66,67,007729,招商普盛全球配置(QDII-FOF)人民币,2021-11-12,1.2285,1.2285,0.22,0.33,2.23,-0.25,3.38,8.66,,,4.42,22.85,7.3301,0.15%
67,68,001092,广发生物科技指数(QDII),2021-11-12,1.21,1.21,-0.17,-2.34,-2.10,-9.57,3.33,4.58,17.13,24.10,-1.94,21,3.5959,0.13%
68,69,007204,银华美元债精选(QDII)A,2021-11-12,1.0756,1.0756,0.74,0.51,1,1.21,3.30,0.19,5.31,,-0.88,7.56,-0.1300,0.08%
69,70,040021,华安大中华升级股票,2021-11-12,1.7870,1.7870,1.13,3.24,2.06,-5.25,3.24,16.19,33.16,40.27,3,78.70,14.3314,0.15%
70,71,007205,银华美元债精选(QDII)C,2021-11-12,1.0673,1.0673,0.75,0.51,0.96,1.13,3.14,-0.15,4.66,,-1.17,6.73,-0.4570,0.00%
71,72,160644,鹏华港美互联股票人民币,2021-11-11,1.3585,1.3625,1.64,-0.88,10.19,4.72,2.97,9.52,56.39,69.34,-1.57,36.27,,0.15%
72,73,486001,工银全球股票(QDII)人民币,2021-11-11,1.5820,2.4050,0.64,0.13,3.06,-1.25,2.46,6.75,33.30,55.64,3.46,194.46,,0.16%
73,74,050020,博时抗通胀增强回报,2021-11-12,0.3950,0.3950,-0.25,-0.50,1.80,2.86,2.07,16.52,-29.96,-21.31,7.63,-60.50,13.5057,0.15%
74,75,183001,银华全球优选,2021-11-12,1.3250,1.3250,0,0.61,3.76,-1.12,1.92,10.60,6.77,14.42,6.85,32.50,8.6066,0.16%
75,76,040018,华安香港精选股票(QDII),2021-11-12,2.2890,2.2890,1.15,3.25,2.10,-5.76,1.78,16.02,67.82,80.24,2.65,128.90,14.2216,0.16%
76,77,000049,中银标普全球资源等权重指数,2021-11-12,1.4860,1.4860,,1.30,1.99,5.17,1.43,36.46,32.80,39.92,22.30,48.60,31.6209,0.15%
77,78,202801,南方全球精选配置,2021-11-12,1.2210,1.2960,0.49,2.69,4.54,1.24,1.08,6.61,28.91,44.72,3.79,29.81,5.7418,0.16%
78,79,161127,易方达标普生物科技人民币A,2021-11-12,1.6684,1.6684,-0.02,-3.34,0.66,-1.56,0.93,-1.37,32.14,40.76,-11.31,66.84,-2.6320,0.12%
79,80,009225,天弘中证中美互联网(QDII)A,2021-11-12,1.1581,1.1581,1.52,2.81,3.82,1.31,0.91,-0.89,,,-5.03,15.81,-3.1203,0.10%
80,81,320013,诺安全球黄金,2021-11-12,1.0330,1.1180,0,2.68,4.66,4.45,0.78,-5.66,12.65,33.81,-4.44,11.79,-5.7482,0.08%
81,82,009226,天弘中证中美互联网(QDII)C,2021-11-12,1.1535,1.1535,1.51,2.81,3.80,1.24,0.78,-1.17,,,-5.26,15.35,-3.3839,0.00%
82,83,164701,汇添富黄金及贵金属,2021-11-12,0.7730,0.7730,0,2.52,4.88,4.32,0.65,-5.85,12.03,32.59,-5.62,-22.70,-6.0753,0.08%
83,84,160719,嘉实黄金,2021-11-11,0.9010,0.9010,0.67,3.92,5.01,4.40,0,-4.96,11.37,31.15,-4.86,-9.90,,0.08%
84,85,539003,建信富时100指数(QDII)人民币A,2021-11-12,0.8522,0.8842,-1.07,-0.22,0.27,-1.22,-0.08,15.04,-4.57,-2.61,12.34,-12.05,13.9457,0.12%
85,86,007360,易方达中短期美元债(QDII)A人民币,2021-11-12,1.0118,1.0118,0.46,0.12,-0.74,-1.80,-0.09,-1.65,-2.35,,-0.73,1.18,-1.3648,0.05%
86,87,007361,易方达中短期美元债(QDII)C人民币,2021-11-12,1.0048,1.0048,0.46,0.11,-0.76,-1.87,-0.25,-1.96,-2.93,,-0.99,0.48,-1.6637,0.00%
87,88,008706,建信富时100指数(QDII)人民币C,2021-11-12,0.8497,0.8497,-1.07,-0.23,0.22,-1.32,-0.28,14.61,,,11.98,-5.98,13.5355,0.00%
88,89,001061,华夏收益债券(QDII)A,2021-11-12,1.2740,1.4760,3.41,3.24,0.24,-2.82,-0.62,1.03,-4.85,4.12,-1.32,50.67,0.7911,0.08%
89,90,010343,华宝富时100(QDII)A,2021-11-12,1.0819,1.0819,-0.91,-0.22,0.62,-2.51,-0.73,8.19,,,8.91,8.19,,0.12%
90,91,007455,富国蓝筹精选股票(QDII)人民币,2021-11-12,2.3187,2.3187,0.64,4,8.43,-3.54,-0.75,14.19,102.56,,0.92,131.87,12.1337,0.15%
91,92,001063,华夏收益债券(QDII)C,2021-11-12,1.2330,1.4280,3.35,3.27,0.24,-2.91,-0.80,0.65,-5.59,2.90,-1.67,45.40,0.4071,0.00%
92,93,000934,国富大中华精选混合,2021-11-12,2.6490,2.6490,0.72,2,1.77,-3.29,-0.82,9.19,80.57,125.83,3.40,164.90,7.6392,0.15%
93,94,460010,华泰柏瑞亚洲领导企业混合,2021-11-12,1.61,1.61,2.81,10.96,3.40,-0.74,-0.86,6.20,75,87.86,-4.05,61,5.5046,0.16%
94,95,010344,华宝富时100(QDII)C,2021-11-12,1.0774,1.0774,-0.91,-0.23,0.60,-2.60,-0.94,7.74,,,8.51,7.74,,0.00%
95,96,008253,华宝致远混合(QDII)A,2021-11-12,1.2419,1.2419,0.69,0.83,3.63,-5.77,-1.15,3.35,,,-7.74,24.19,1.3630,0.15%
96,97,003385,工银全球美元债A人民币,2021-11-11,1.0212,1.0212,0.31,-0.28,-1.51,-2.38,-1.19,-3.69,-5.53,0.46,-2.44,2.12,,0.08%
97,98,008254,华宝致远混合(QDII)C,2021-11-12,1.2324,1.2324,0.69,0.83,3.60,-5.86,-1.33,2.97,,,-8.04,23.24,0.9998,0.00%
98,99,003387,工银全球美元债C,2021-11-11,1.0064,1.0064,0.31,-0.30,-1.55,-2.48,-1.39,-4.07,-6.30,-0.30,-2.77,0.64,,0.00%
99,100,000614,华安德国(DAX)联接(QDII),2021-11-12,1.4140,1.4140,-0.42,-0.49,4.43,-3.22,-1.53,11.96,17.34,30.68,4.20,41.40,10.9890,0.12%
100,101,378546,上投摩根全球天然资源混合,2021-11-11,0.8038,0.8038,1.57,1.73,0.26,2.11,-1.82,31.15,13.53,15.32,17.91,-19.62,,0.16%
101,102,002286,中银美元债债券人民币,2021-11-12,1.1250,1.1250,0.36,0.09,-0.53,-3.10,-2.09,-4.09,-5.94,0.81,-3.02,12.50,-3.8462,0.08%
102,103,002426,华安全球美元票息债人民币A,2021-11-12,1.0760,1.0760,0.47,0,-0.09,-3.24,-2.18,-5.03,-8.11,-0.83,-4.44,7.60,-4.6099,0.08%
103,104,001984,上投摩根中国生物医药(QDII),2021-11-11,2.2723,2.2723,1.11,2.39,-4.67,-11.10,-2.26,9.86,64.93,110.66,-0.09,97.81,,0.15%
104,105,002429,华安全球美元票息债C,2021-11-12,1.0490,1.0490,0.48,0,-0.10,-3.32,-2.42,-5.50,-8.86,-2.05,-4.81,4.90,-5.0679,0.00%
105,106,161116,易方达黄金主题人民币A,2021-11-12,0.8080,0.8080,0.12,5.07,8.17,6.60,-2.42,-9.01,4.26,16.76,-6.26,-19.20,-9.6197,0.10%
106,107,002391,华安全球美元收益债人民币A,2021-11-12,1.0950,1.0950,0.46,0,-0.18,-3.35,-2.49,-5.44,-7.83,-0.64,-4.62,9.50,-5.0304,0.08%
107,108,007976,易方达黄金主题人民币C,2021-11-12,0.8060,0.8060,0.12,5.08,8.19,6.47,-2.54,-9.23,4,,-6.39,0,-9.7424,0.00%
108,109,002393,华安全球美元收益债C,2021-11-12,1.07,1.07,0.47,0,-0.09,-3.43,-2.64,-5.73,-8.47,-1.74,-4.89,7,-5.3097,0.00%
109,110,008095,中银亚太精选债券(QDII)人民币A,2021-11-12,0.9639,0.9639,0.23,-0.10,-0.55,-3.63,-2.65,-2.94,,,-2.97,-3.61,-2.8620,0.08%
110,111,008096,中银亚太精选债券(QDII)人民币C,2021-11-12,0.9587,0.9587,0.22,-0.11,-0.58,-3.71,-2.83,-3.32,,,-3.29,-4.13,-3.2300,0.00%
111,112,165510,信诚四国配置,2021-11-12,0.7790,0.7790,-0.13,2.10,0.52,-2.01,-2.87,0.39,3.87,10.50,-4.30,-22.10,-1.6414,0.16%
112,113,080006,长盛环球行业混合(QDII),2021-11-12,1.6340,1.6840,1.49,4.68,4.14,-3.03,-3.03,5.08,27.26,35.94,-3.88,71.19,3.2217,0.15%
113,114,000342,嘉实新兴市场A1(QDII),2021-11-11,1.2360,1.5040,0.32,0.08,-1.98,-5.86,-3.51,-2.98,-9.25,2.06,-5.43,56.72,,0.08%
114,115,100050,富国全球债券(QDII),2021-11-12,1.1615,1.1615,2.12,1.18,-0.17,-3.84,-3.55,-3.98,-0.93,5.02,-4.58,16.15,-4.0321,0.08%
115,116,377016,上投摩根亚太优势混合,2021-11-11,1.0036,1.0036,0.05,0.18,0.23,-3.71,-4.33,3.46,24.67,40.56,-8.43,0.36,,0.18%
116,117,007628,南方全球债券(QDII)人民币A,2021-11-12,0.8973,0.8973,4.35,2.94,1.23,-5.41,-5.14,-4.22,-10.47,,-4.83,-10.27,-4.2880,0.08%
117,118,008367,富国亚洲收益债券(QDII)人民币,2021-11-12,0.9579,0.9579,2.53,1.49,0.16,-5.46,-5.17,-5.08,,,-5.56,-4.21,-5.1020,0.08%
118,119,378006,上投摩根全球新兴市场混合,2021-11-11,1.2486,1.2486,0.60,0.84,-0.10,-5.39,-5.27,2.18,19.83,31.57,-9.96,24.86,,0.16%
119,120,007629,南方全球债券(QDII)人民币C,2021-11-12,0.8890,0.8890,4.34,2.93,1.18,-5.51,-5.32,-4.58,-11.22,,-5.14,-11.10,-4.6547,0.00%
120,121,161124,易方达香港小型股指数A,2021-11-15,1.2621,1.2621,-0.56,2.84,0.48,-7.18,-5.93,8.58,16.80,18.43,0.31,26.21,8.7855,0.12%
121,122,006263,易方达香港小型股指数C,2021-11-15,1.2560,1.2560,-0.57,2.82,0.46,-7.21,-6,8.44,16.63,17.93,0.22,10.72,8.6717,0.00%
122,123,050030,博时亚洲票息收益债券,2021-11-12,1.3704,1.5129,0.71,0.36,-2.01,-6.19,-6.06,-6.89,-5.58,4.71,-8.18,56.32,-6.8768,0.08%
123,124,161620,融通核心价值混合,2021-11-11,1.0436,1.0436,1.18,-1.60,5.38,-3.19,-6.17,7.23,50.27,39.71,-4.48,4.36,,0.15%
124,125,002400,南方亚洲美元债人民币A,2021-11-12,1.0446,1.0646,3.29,2.08,0.33,-6.26,-6.38,-6.70,-12.33,-5.87,-6.37,6.21,-6.5235,0.08%
125,126,006308,汇添富全球消费混合人民币A,2021-11-12,2.3788,2.3788,0.66,2.13,3.53,-4.12,-6.48,-5.23,69.48,137.62,-14.95,137.88,-7.1615,0.16%
126,127,005243,融通中国概念债券,2021-11-11,1.0697,1.1297,0.22,-1.53,-3.97,-7.18,-6.51,-7.91,-5.47,2.98,-8.71,12.50,,0.08%
127,128,002401,南方亚洲美元债人民币C,2021-11-12,1.0148,1.0348,3.29,2.07,0.28,-6.40,-6.64,-7.20,-13.23,-7.31,-6.81,3.21,-7.0185,0.00%
128,129,100061,富国中国中小盘混合(QDII)人民币,2021-11-12,2.6320,3.1670,0.46,1.94,1.46,-7.88,-6.93,5.24,52.49,65.52,-3.41,249.86,2.9331,0.15%
129,130,006309,汇添富全球消费混合人民币C,2021-11-12,2.3020,2.3020,0.66,2.12,3.44,-4.37,-6.95,-6.17,66.08,130.25,-15.68,130.20,-8.0744,0.00%
130,131,519602,海富通大中华混合(QDII),2021-11-12,1.4420,1.4420,0.91,8.18,5.10,-4.25,-6.97,1.84,20.07,35.53,-6,44.20,1.3352,0.15%
131,132,004419,汇添富美元债债券人民币A,2021-11-12,0.9964,0.9964,0.53,-0.75,-1.99,-7.29,-7.27,-9.28,-10.64,-0.13,-9.29,-0.36,-8.9713,0.08%
132,133,519601,海富通中国海外混合,2021-11-12,2.2040,2.4740,0.87,7.41,4.45,-5.20,-7.36,2.46,17.86,32.61,-6.41,170.25,1.8955,0.15%
133,134,004420,汇添富美元债债券人民币C,2021-11-12,0.9835,0.9835,0.52,-0.77,-2.03,-7.39,-7.46,-9.65,-11.28,-1.25,-9.60,-1.65,-9.3381,0.00%
134,135,501300,海富通全球收益债券人民币,2021-11-12,0.9597,0.9597,4.86,2.95,0.39,-8.40,-7.53,-8.73,-11.06,-3.46,-8.26,-4.21,-8.4605,0.08%
135,136,501021,华宝香港中小(QDII-LOF)A,2021-11-15,1.6202,1.6202,-0.75,2.79,-3.03,-10.16,-7.65,0.53,13.07,25.20,-6.96,62.02,0.6473,0.10%
136,137,000948,华夏沪港通恒生ETF联接A,2021-11-12,1.1732,1.1732,0.30,1.79,0.88,-3.97,-7.67,-3.47,-7.10,0.11,-6.26,17.32,-4.1503,0.12%
137,138,006127,华宝香港中小C,2021-11-15,1.6017,1.6017,-0.76,2.79,-3.06,-10.23,-7.81,0.16,12.27,23.89,-7.25,8.74,0.2796,0.00%
138,139,005734,华夏沪港通恒生ETF联接C,2021-11-12,1.1606,1.1606,0.29,1.77,0.84,-4.04,-7.82,-3.76,-7.66,-0.80,-6.50,-8.89,-4.4381,0.00%
139,140,004998,长信全球债券人民币,2021-11-12,1.1234,1.1234,0.95,1.78,-5.40,-7.65,-7.83,-7.55,-2.36,9.67,-9.64,12.34,-7.8425,0.08%
140,141,457001,国富亚洲机会股票(QDII),2021-11-12,1.5830,1.75,0.44,2.39,0.83,-6.11,-8.23,5.44,60.35,95.11,-3.75,79.64,3.2707,0.15%
141,142,008284,易方达全球医药行业(QDII)人民币,2021-11-12,1.4710,1.4710,0.90,5.29,-4.24,-14.90,-8.46,16.58,,,4.04,47.10,13.9515,0.15%
142,143,050015,博时大中华亚太精选,2021-11-12,1.3510,1.4330,0.97,1.12,6.13,-5.66,-8.90,-3.36,11.56,27.45,-11.87,44.79,-6.0501,0.16%
143,144,164705,汇添富恒生指数A,2021-11-15,0.9972,1.1422,-0.04,2.05,-0.84,-4.75,-9.12,-6.54,-12.30,-9.84,-8.16,14.01,-6.8534,0.12%
144,145,010789,汇添富恒生指数C,2021-11-15,0.9971,0.9971,-0.04,2.06,-0.84,-4.76,-9.15,,,,-8.16,-7.33,-7.295539,0.00%
145,146,000071,华夏恒生ETF联接A,2021-11-12,1.3488,1.3488,0.21,1.78,0.76,-4.96,-9.23,-5.43,-10.60,-3.99,-7.56,34.88,-5.8692,0.12%
146,147,003243,上投摩根中国世纪人民币,2021-11-11,1.9106,1.9106,1.38,-0.35,3.09,-12.70,-9.28,-3.51,36.18,58.69,-13.86,91.06,,0.15%
147,148,006381,华夏恒生ETF联接C,2021-11-12,1.3370,1.3370,0.20,1.77,0.73,-5.04,-9.37,-5.71,-11.14,-4.88,-7.81,-9.67,-6.1557,0.00%
148,149,160924,大成恒生指数,2021-11-12,0.8950,0.8950,0.11,1.59,0.56,-5.39,-9.60,-5.79,-10.77,-6.58,-7.54,-10.50,-6.2827,0.12%
149,150,262001,景顺长城大中华混合(QDII)人民币,2021-11-11,2.1860,2.6070,1.20,0.69,1.91,-9.14,-9.89,7.16,61.96,82.81,-7.88,181.26,,0.16%
150,151,539002,建信新兴市场混合(QDII),2021-11-12,0.8840,0.8840,1.73,2.67,-2,-6.75,-9.98,-8.30,-2.64,1.03,-8.30,-11.60,-8.7719,0.16%
151,152,070012,嘉实海外中国股票混合,2021-11-11,0.9440,0.9460,1.72,1.51,0.85,-3.87,-10.35,-11.96,9.44,19.38,-18.70,-5.45,,0.15%
152,153,160922,大成恒生综合中小型股指数A,2021-11-12,1.0580,1.0580,0.09,2.82,-1.95,-8.16,-10.49,-1.03,5.17,7.09,-5.79,5.80,-1.4898,0.12%
153,154,008751,大成全球美元债(QDII)A人民币,2021-11-11,0.9423,0.9573,0.62,-1.60,-4.38,-11.08,-10.72,-9.51,,,-10.64,-4.42,,0.08%
154,155,008752,大成全球美元债(QDII)C人民币,2021-11-11,0.9334,0.9484,0.61,-1.60,-4.42,-11.32,-11.07,-10.04,,,-11.12,-5.32,,0.00%
155,156,000274,广发亚太中高收益债(QDII)A,2021-11-12,1.1670,1.2370,1.45,1.04,0.98,-9.88,-11.12,-13.81,-13.17,-3.31,-14.13,24.19,-13.6834,0.08%
156,157,010644,富国全球健康生活主题混合(QDII)人民币,2021-11-12,0.9463,0.9463,-0.46,3.51,-2.49,-9.27,-11.22,,,,-5.76,-5.37,-5.37,0.15%
157,158,110031,易方达恒生国企ETF联接A,2021-11-15,0.9846,0.9846,-0.56,2.86,0.36,-4.09,-11.72,-15.30,-17.04,-16.02,-15.29,-1.54,-14.7788,0.12%
158,159,005675,易方达恒生国企ETF联接C,2021-11-15,0.9965,0.9965,-0.57,2.86,0.33,-4.15,-11.82,-15.52,-17.43,-14.38,-15.47,-14.54,-14.9813,0.00%
159,160,161229,国投瑞银中国价值发现股票,2021-11-12,1.34,1.71,0.53,2.92,-0.30,-5.77,-11.90,-15.24,6.94,22.82,-14.05,81.55,-14.9746,0.15%
160,161,862001,光大阳光香港精选混合(QDII)人民币A,2021-11-11,1.0870,1.5126,0.34,1.41,-3.96,-9.75,-12.13,,,,,-17.07,,0.12%
161,162,006778,广发恒生中国企业(QDII)A,2021-11-12,0.8434,0.8434,0.52,3.11,1.84,-3.77,-12.16,-13.39,-13.80,,-13.75,-15.66,-13.2126,0.12%
162,163,160717,嘉实恒生中国企业,2021-11-12,0.6754,0.6754,0.58,3.16,2.04,-4.63,-12.31,-16.30,-19.95,-15.94,-16.38,-32.46,-16.3902,0.15%
163,164,006779,广发恒生中国企业(QDII)C,2021-11-12,0.8428,0.8428,0.52,3.11,1.80,-3.86,-12.35,-13.74,-14.41,,-14.04,-15.72,-13.5590,0.00%
164,165,161831,银华恒生中国企业指数,2021-11-15,0.7626,0.7626,-0.59,3.33,0.83,-3.49,-12.42,-17.44,-17.74,-16.92,-17.54,-8.47,-17.0103,0.12%
165,166,862012,光大阳光香港精选混合(QDII)人民币C,2021-11-11,0.8015,0.8015,0.33,1.39,-4.02,-9.89,-12.43,,,,,-19.85,,0.00%
166,167,118001,易方达亚洲精选股票,2021-11-12,1.2070,1.2070,0.50,2.72,1.94,-0.90,-14.46,-17.39,23.92,39.86,-20.49,20.70,-19.3721,0.16%
167,168,002230,华夏大中华混合(QDII),2021-11-12,1.6650,1.6650,0.54,2.65,1.34,-9.31,-14.70,-9.26,34.49,49.46,-19.17,66.50,-11.6711,0.15%
168,169,011583,大成港股精选混合(QDII)A,2021-11-11,0.8505,0.8505,0.65,0.69,-1.56,-9.12,-14.91,,,,,-14.95,,0.15%
169,170,011584,大成港股精选混合(QDII)C,2021-11-11,0.8479,0.8479,0.65,0.68,-1.60,-9.25,-15.17,,,,,-15.21,,0.00%
170,171,241001,华宝海外中国成长混合,2021-11-12,1.79,1.79,0.34,4.37,-2.03,-9.41,-16.36,-10.05,6.67,20.13,-11.91,79,-9.4130,0.15%
171,172,000103,国泰中国企业境外高收益债,2021-11-11,1.1119,1.1119,0.34,-4.46,-8.11,-17.07,-16.82,-19.16,-24.49,-17.45,-19.34,11.19,,0.08%
172,173,470888,汇添富香港混合(QDII),2021-11-12,1.01,1.16,0,1.51,-3.44,-10.62,-17.42,-20.47,3.38,7.56,-23.89,14.86,-23.2523,0.12%
173,174,160125,南方香港优选股票,2021-11-12,1.3752,1.4652,0.05,5.83,1.78,-6.39,-17.91,-2.33,26.97,45.49,-0.68,49.54,-0.9650,0.13%
174,175,006327,易方达中证海外50ETF联接人民币A,2021-11-12,1.1678,1.1678,0.91,5.56,2.65,-1.46,-19.73,-27.04,12.29,,-26.18,16.78,-28.7970,0.12%
175,176,006328,易方达中证海外50ETF联接人民币C,2021-11-12,1.1495,1.1495,0.90,5.55,2.62,-1.54,-19.88,-27.32,11.42,,-26.42,14.95,-29.0651,0.00%
176,177,001691,南方香港成长(QDII),2021-11-12,1.9310,1.9310,0.73,4.55,-0.21,-6.94,-20.80,-2.18,76.83,124.01,-15.34,93.10,-4.4059,0.16%
177,178,164906,交银中证海外中国互联网指数,2021-11-12,1.36,1.36,0.97,7.94,3.50,1.57,-23.68,-29.75,4.13,26.51,-31.49,36,-31.8296,0.12%
178,179,000290,鹏华全球高收益债(QDII),2021-11-11,0.6250,0.9595,1.58,0.22,-23.40,-44.67,-48.37,-47.13,-46.86,-39.97,-48.64,-16.76,,0.08%
179,180,206006,鹏华全球中短债(QDII)人民币A,2021-11-11,0.5301,0.5357,2.79,-0.38,-23.24,-44.02,-48.65,-48.17,-44.77,-40.80,-49.64,-46.43,,0.08%
180,181,012868,易方达标普信息科技人民币C,2021-11-12,2.9325,2.9325,1,0.26,9.86,6.73,,,,,,8.02,8.015028,0.00%
181,182,012348,天弘恒生科技指数(QDII)A,2021-11-12,0.8668,0.8668,1.38,4.38,4.79,-3.69,,,,,,-13.32,-13.32,0.10%
182,183,012208,华夏港股前沿经济混合(QDII)A,2021-11-11,0.9035,0.9035,1.14,0.17,2.02,-4.19,,,,,,-9.65,,0.15%
183,184,012349,天弘恒生科技指数(QDII)C,2021-11-12,0.8662,0.8662,1.38,4.39,4.77,-3.73,,,,,,-13.38,-13.38,0.00%
184,185,012584,南方中国新兴经济9个月持有期混合(QDII)A,2021-11-12,0.9858,0.9858,0.42,2.82,-0.48,-1.36,,,,,,-1.42,-1.42,0.15%
185,186,012060,富国全球消费精选混合(QDII)人民币A,2021-11-12,1.0012,1.0012,-0.05,0.13,2.19,0.43,,,,,,0.12,0.12,0.15%
186,187,012062,富国全球消费精选混合(QDII)人民币C,2021-11-12,0.9995,0.9995,-0.05,0.12,2.15,0.27,,,,,,-0.05,-0.05,0.00%
187,188,012860,易方达标普500指数人民币C,2021-11-12,1.8604,1.8604,0.59,-0.18,6.70,3.78,,,,,,8.69,8.69362,0.00%
188,189,012804,广发恒生科技指数(QDII)A,2021-11-15,1.0531,1.0531,0.25,6.20,3.64,5.31,,,,,,5.31,5.05,0.12%
189,190,012864,易方达标普医疗保健人民币C,2021-11-12,1.7496,1.7496,0.39,0.59,4.21,-1.24,,,,,,1.17,1.168035,0.00%
190,191,012866,易方达标普生物科技人民币C,2021-11-12,1.6699,1.6699,-0.02,-3.33,0.64,-1.46,,,,,,-1.18,-1.183502,0.00%
191,192,012585,南方中国新兴经济9个月持有期混合(QDII)C,2021-11-12,0.9827,0.9827,0.41,2.78,-0.63,-1.66,,,,,,-1.73,-1.73,0.00%
192,193,013402,华夏恒生科技ETF发起式联接(QDII)A,2021-11-12,1.0431,1.0431,1.32,4.22,3.63,,,,,,,4.31,4.31,0.12%
193,194,013128,汇添富恒生科技指数发起(QDII)C,2021-11-15,1.0199,1.0199,0.24,5.54,,,,,,,,1.99,1.75,0.00%
194,195,012536,万家全球成长一年持有期混合(QDII)C,2021-11-11,1.0328,1.0328,1.43,,4.02,,,,,,,3.28,,0.00%
195,196,013403,华夏恒生科技ETF发起式联接(QDII)C,2021-11-12,1.0427,1.0427,1.32,4.21,3.60,,,,,,,4.27,4.27,0.00%
196,197,012870,易方达纳斯达克100人民币C,2021-11-12,2.4192,2.4192,0.90,-0.86,9.39,5.77,,,,,,5.75,5.752754,0.00%
197,198,013127,汇添富恒生科技指数发起(QDII)A,2021-11-15,1.02,1.02,0.24,5.54,,,,,,,,2,1.76,0.10%
198,199,013172,华夏恒生互联网科技业ETF联接(QDII)C,2021-11-12,1.0350,1.0350,1.16,3.89,4.48,,,,,,,3.50,3.5,0.00%
199,200,012805,广发恒生科技指数(QDII)C,2021-11-15,1.0527,1.0527,0.25,6.19,3.63,5.27,,,,,,5.27,5.01,0.00%
200,201,012752,建信纳斯达克100指数(QDII)人民币C,2021-11-12,1.8245,1.8245,0.86,-0.95,8.49,,,,,,,5.49,5.492917,0.00%
201,202,012209,华夏港股前沿经济混合(QDII)C,2021-11-11,0.9009,0.9009,1.13,0.14,1.95,-4.37,,,,,,-9.91,,0.00%
202,203,013171,华夏恒生互联网科技业ETF联接(QDII)A,2021-11-12,1.0355,1.0355,1.17,3.90,4.51,,,,,,,3.55,3.55,0.12%
203,204,012535,万家全球成长一年持有期混合(QDII)A,2021-11-11,1.0337,1.0337,1.44,,4.08,,,,,,,3.37,,0.15%
204,205,014002,浦银安盛全球智能科技(QDII)C,2021-11-11,1.7098,1.7098,0.77,-0.74,,,,,,,,0.84,,0.00%
